index,smiles,filename_or_index
0,c1cc2C(CC)(CC)c3c(-c2cc1)ccc(c3),100_C
1,c1cc2C(=O)NC(=O)c3cc(cc(c1)c23),101_C
2,c1c(F)c(F)c(c2nc(c3cc(c(OCC)c(c3)F)F)c(nc12)c1cc(F)c(OCC)c(F)c1),103_C
3,c1cc2n(CC)c3c(c2cc1)ccc(c3),105_C
4,c1c(C#N)c(C#N)c(c2c1nsn2),112_C
5,c1cc2c(CC)c3c(c(CC)c2s1)cc(s3),115_C
6,c1sc2c3c(n(CC)c2c1)cc(s3),118_C
7,C1=C2C(C(=O)N1CC)=C(N(CC)C2=O),119_C
8,c1cc2[Si](CC)(CC)c3c(-c2cc1)ccc(c3),120_C
9,c1cc(CC)c(cc1CC),121_C
10,c1cc2c(OCC)c3c(c(OCC)c2s1)cc(s3),122_C
11,c1cnc(s1),123_C
12,c1c(F)cc(c(F)c1),124_C
13,c1c(F)c(F)c(s1),125_C
14,c1c(CC)c2c(s1)cc(s2),126_C
15,c1cc2C(=O)c3c(-c2cc1)ccc(c3),128_C
16,c1ccc(o1),130_C
17,c1sc2-c3c([Ge](CC)(CC)c2c1)cc(s3),131_C
18,c1sc2-c3c(OC(c4ccc(CC)cc4)(c4ccc(CC)cc4)c2c1)cc(s3),134_C
19,c1cc(F)c(c2c1nsn2),137_C
20,c1sc2cc3cc(sc3cc2c1),138_C
21,c1ccc([se]1),139_C
22,c1c2c(nsn2)c(c2cc(C(=O)OCC)sc12),13_C
23,c1cc2c(c3ccc([Si](CC)(CC)CC)s3)c3c(c(c4ccc([Si](CC)(CC)CC)s4)c2s1)cc(s3),144_C
24,c1cc(OCC)c(s1),147_C
25,c1c(OCC)c(OCC)c(s1),148_C
26,c1c(F)c(F)c(c2c1non2),156_C
27,c1c(c2c(cc(CC)cc2CC)CC)cc(s1),15_C
28,c1c(N(c2ccc(C)cc2)c2ccc(C)cc2)c2sc(c(N(c3ccc(C)cc3)c3ccc(C)cc3)c2s1),164_C
29,c1ccc(cc1),165_C
30,c1c2nn(CC)nc2c(c(c1)F),168_C
31,c1cc(C(=O)OCC)c(s1),16_C
32,c1cc(OCC)c(cc1F),178_C
33,c1c2nn(CC)nc2c(c(c1F)F),17_C
34,c1c(N(c2ccccc2)c2ccccc2)c2sc(c(N(c3ccccc3)c3ccccc3)c2s1),180_C
35,c1c(OC)c(F)c(c(OC)c1F),182_C
36,c1sc2c3c(oc(=O)c2c1)cc(s3),183_C
37,c1cc(OC)c(s1),185_C
38,c1cc(Cl)c(s1),187_C
39,c1cc(c2ccccc2)c(s1),18_C
40,c1c2nc(c3ccc(OCC)c(c3)OCC)c(c3ccc(OCC)c(OCC)c3)nc2c(c(c1F)F),196_C
41,c1c(F)c(F)c(c(F)c1F),197_C
42,c1cc2c(c3ccc(C=Cc4ccc(CC)s4)s3)c3c(c(c4ccc(C=Cc5ccc(CC)s5)s4)c2s1)cc(s3),198_C
43,c1c(F)cc(cc1),199_C
44,c1cc(c2c(cc(C)cc2C)C)c(s1),19_C
45,c1cc(C(=O)OC)c(s1),200_C
46,c1c(c2ccc(CC)s2)cc(s1),201_C
47,c1cc2c(c3ccc(C=Cc4ccc(SCC)s4)s3)c3c(c(c4ccc(C=Cc5ccc(SCC)s5)s4)c2s1)cc(s3),202_C
48,c1cc2c(c3cc(Cl)c(SCC)s3)c3c(c(c4sc(SCC)c(c4)Cl)c2s1)cc(s3),204_C
49,c1cc(CC)c([se]1),205_C
50,c1cc(SCC)c(s1),207_C
51,c1cc2c(c3cc(CC)c(CC)s3)c3c(c(c4cc(CC)c(s4)CC)c2s1)cc(s3),20_C
52,c1sc(c2c1OCCO2),214_C
53,c1sc(c2c1OCCCO2),221_C
54,c1cc2c(c3ccc(CC)cc3)c3c(c(c4ccc(CC)cc4)c2s1)cc(s3),224_C
55,c1cc2c(c3cc(F)c(SCC)s3)c3c(c(c4sc(SCC)c(c4)F)c2s1)cc(s3),244_C
56,c1cc2c(c3sc(CC)c(Cl)c3Cl)c3c(c(c4ccc(CC)s4)c2s1)cc(s3),245_C
57,c1c2nn(CC)nc2c(c(c1Cl)Cl),247_C
58,c1cc2c(c3ccc(OCC)cc3)c3c(c(c4ccc(OCC)cc4)c2s1)cc(s3),248_C
59,c1cc2c(c3sc(CC)c(F)c3F)c3c(c(c4sc(CC)c(c4F)F)c2s1)cc(s3),249_C
60,c1nnc(c2C(=O)N(CC)C(=O)c12),250_C
61,c1cc2c(c3sc(CC)c(Cl)c3Cl)c3c(c(c4sc(CC)c(c4Cl)Cl)c2s1)cc(s3),252_C
62,c1cc2c(c3cc(Cl)c(CC)s3)c3c(c(c4ccc(CC)s4)c2s1)cc(s3),255_C
63,c1cc(C(=O)CC)c(s1),256_C
64,c1cc2c(c3cc(F)c(CC)s3)c3c(c(c4sc(CCC)c(c4)F)c2s1)cc(s3),257_C
65,c1cc2c(c3cc(F)c(OCC)c(F)c3)c3c(c(c4cc(c(OCC)c(c4)F)F)c2s1)cc(s3),258_C
66,c1cc(C(=O)O)c(s1),261_C
67,c1sc2cc(sc2c1),262_C
68,c1cc2c(c3cc(Cl)c([Si](CC)(CC)CC)s3)c3c(c(c4sc([Si](CC)(CC)CC)c(c4)Cl)c2s1)cc(s3),263_C
69,c1nc2c(c3ccc(CC)s3)c3c(c(c4ccc(CC)s4)c2s1)nc(s3),264_C
70,c1c(SCC)c(SCC)c(c2c1C(=O)c1c(C2=O)csc1),267_C
71,c1cc2c(c3cccc(SCC)c3)c3c(c(c4cccc(SCC)c4)c2s1)cc(s3),270_C
72,c1cc2c(c3cc(OCC)c(Cl)s3)c3c(c(c4cc(OCC)c(s4)Cl)c2s1)cc(s3),271_C
73,c1cc2c(c3cc(CC)c(Cl)s3)c3c(c(c4cc(CC)c(s4)Cl)c2s1)cc(s3),273_C
74,c1ccc2C(C(=O)N(C)c2c1)=C1C(=O)N(C)c2cc(ccc12),277_C
75,c1cc2c(c3cc4sc(CC)cc4s3)c3c(c(c4sc5cc(CC)sc5c4)c2s1)cc(s3),278_C
76,C1=C2C(C(=O)N1C)=C(N(C)C2=O),279_C
77,c1c2C(=O)N(C)C(=O)c2c(s1),280_C
78,c1ccc(c2C(=Cc3ccsc3)C(=O)N(CC)c12),281_C
79,c1sc(c2sc(C(=O)OCC)c(c12)Cl),282_C
80,c1sc(c2sc(c3c(cc(C(=O)OCC)s3)Cl)c(c12)Cl),283_C
81,c1cc2c(c3cccc(OCC)c3)c3c(c(c4cccc(OCC)c4)c2s1)cc(s3),284_C
82,c1c(F)c(F)c(c2nc(c3ccc(OCC)c(c3)F)c(nc12)c1ccc(OCC)c(F)c1),285_C
83,c1ccc(c2nc(c3cccc(OCC)c3)c(nc12)c1cccc(OCC)c1),286_C
84,c1cc2c(c3cc4sc([Si](CC)(CC)CC)cc4s3)c3c(c(c4sc5cc([Si](CC)(CC)CC)sc5c4)c2s1)cc(s3),287_C
85,c1cc2c(c3ccc4cc(OCC)ccc4c3)c3c(c(c4cc5ccc(OCC)cc5cc4)c2s1)cc(s3),288_C
86,c1cc2c(c3ccc(OCC)c(C(F)(F)F)c3)c3c(c(c4ccc(OCC)c(c4)C(F)(F)F)c2s1)cc(s3),289_C
87,c1sc(c2sc(c3ccc(C(=O)OCC)s3)c(c12)Cl),290_C
88,c1c(F)c(F)c(c2nc(c3cccc(OCC)c3)c(nc12)c1cccc(OCC)c1),291_C
89,c1nnc(s1),293_C
90,c1cc2c(c3ccc4ccccc4c3)c3c(c(OCC)c2s1)cc(s3),294_C
91,c1cc2c(c3ccc4cc(SCC)ccc4c3)c3c(c(c4cc5ccc(SCC)cc5cc4)c2s1)cc(s3),295_C
92,c1cc2c(c3ccc(CC)[se]3)c3c(c(c4ccc(CC)[se]4)c2s1)cc(s3),296_C
93,c1cc2c(c3ccc4ccccc4c3)c3c(c(c4ccc(SCC)s4)c2s1)cc(s3),298_C
94,c1c(F)c(F)c(c2nc(c3sc(CC)c(c3)F)c(nc12)c1cc(F)c(CC)s1),299_C
95,c1ccc(c(F)c1F),300_C
96,c1cc2c(c3cc(OCC)cc(OCC)c3)c3c(c(c4cc(cc(OCC)c4)OCC)c2s1)cc(s3),301_C
97,c1c(CC)nc(s1),302_C
98,c1cc2c(c3ccc([Si](CC)(CC)CC)s3)c3c(c(c4ccc([Si](CC)(CC)CC)s4)c2o1)cc(o3),303_C
99,c1cc2c(c3ccc(SCC)c(F)c3)c3c(c(c4ccc(SCC)c(c4)F)c2s1)cc(s3),304_C
100,c1cc2c(c3ccc(SCC)[se]3)c3c(c(c4ccc(SCC)[se]4)c2s1)cc(s3),305_C
101,c1cc2c(c3cc4cc(CC)ccc4s3)c3c(c(c4sc5ccc(CC)cc5c4)c2s1)cc(s3),311_C
102,c1c2cc(C(=O)OCC)sc2c(c2c1nn(CC)n2),316_C
103,c1cc(c2cc(cc(OCC)c2)OCC)c(s1),318_C
104,c1cc2c(c3ccc(CC)cc3)c3c(c(c4ccc(CC)cc4)c2o1)cc(o3),324_C
105,c1cc2c(c3cc(F)c(CC)c(F)c3)c3c(c(c4cc(c(CC)c(c4)F)F)c2o1)cc(o3),325_C
106,c1c(C(=O)OCC)c2c(s1)c(C(=O)OCC)c(s2),326_C
107,c1cc2c(c3cc(F)c(CC)s3)c3c(c(c4sc(CC)c(c4)F)c2o1)cc(o3),327_C
108,c1cc2c(c3cc(Cl)c(CC)s3)c3c(c(c4sc(CC)c(c4)Cl)c2o1)cc(o3),328_C
109,c1sc(c2cc(CC)sc12),32_C
110,c1c2c(non2)c(c(OCC)c1OCC),330_C
111,c1cnc(cn1),339_C
112,c1sc(c2cc(C(=O)OCC)sc12),33_C
113,c1[se]c(c2cc(CC)sc12),341_C
114,c1sc(c2cc(CC)[se]c12),342_C
115,c1c(CC)c2c(s1)-c1c(C2(CC)CC)cc(s1),345_C
116,c1ccc(nn1),346_C
117,c1cc(c2c(OCC)cccc2OCC)c(s1),349_C
118,c1sc2-c3c(C(CC)(CC)c2c1)cc(s3),34_C
119,c1c(OCC)c(OCC)c(cc1),351_C
120,c1ccc(cn1),354_C
121,c1sc2-c3c(OC(CC)(CC)c2c1)cc(s3),355_C
122,c1sc2-c3c(C(c4ccc(CC)cc4)(c4ccc(CC)cc4)c2c1)ccc(c3),356_C
123,c1ccc(c2C(=O)N(CC)C(=O)c12),357_C
124,c1cc(c2ccc(CC)cc2)c(s1),359_C
125,c1c(OCC)c(OCC)c(c2c1nsn2),35_C
126,c1c(OCC)c(OCC)c(c2c1nccn2),363_C
127,c1c(F)c(F)c(c2nc(CC)c(nc12)CC),364_C
128,c1ccc(c2nc(c3ccccc3)c(nc12)c1ccccc1),365_C
129,c1ccc(c2nccnc12),366_C
130,c1c(N(c2ccc(SC)cc2)c2ccc(SC)cc2)c2sc(c(N(c3ccc(SC)cc3)c3ccc(SC)cc3)c2s1),367_C
131,c1cc2C3(c4ccc(OCC)cc4-c4cc(OCC)ccc34)c3c(-c2cc1)ccc(c3),369_C
132,c1c2ncc(OCC)nc2c(c(c1F)F),36_C
133,c1c2c(N=S=N2)c(c2nsnc12),371_C
134,c1ccc(c2nc(c3ccc(CC)cc3)c(nc12)c1ccc(CC)cc1),380_C
135,c1c2nc(CC)sc2c(c2c1sc(CC)n2),381_C
136,c1c(F)c(F)c(c2nc(c3sc(CC)c(c3F)F)c(nc12)c1sc(CC)c(F)c1F),385_C
137,c1c2ncc(OCC)nc2c(cc1),388_C
138,c1c2nc(c3c(c(c(OCC)c(c3F)F)F)F)c(c3c(F)c(F)c(OCC)c(F)c3F)nc2c(cc1),389_C
139,c1c(F)cc(c2ncc(OCC)nc12),390_C
140,c1c2nc(c3c(c(c(OCC)c(c3F)F)F)F)c(c3c(F)c(F)c(OCC)c(F)c3F)nc2c(c(c1F)F),391_C
141,c1c(F)c(F)c(c(OCC)c1OCC),393_C
142,c1c(C#N)cc(s1),394_C
143,c1c2cc(CC)sc2c(c2c1sc(CC)c2),397_C
144,c1cc2c(c3cc(Cl)c(CC)s3)c3c(c(c4sc(CC)c(c4)Cl)c2s1)cc(s3),39_C
145,c1sc(c2sc(C(=O)OCC)c(c12)F),3_C
146,c1sc2-c3c([Si](CC)(CC)c2c1)cc(s3),45_C
147,c1c2C(=O)N(CC)C(=O)c2c(c2c1nsn2),47_C
148,c1c(F)c(F)c(c2c1nsn2),49_C
149,c1cc2c(c3cc(F)c(CC)s3)c3c(c(c4sc(CC)c(c4)F)c2s1)cc(s3),4_C
150,c1sc2nc(sc2n1),53_C
151,c1sc(c2C(=O)N(CC)C(=O)c12),56_C
152,c1ccc(c2nsnc12),57_C
153,c1sc(c2C(=O)c3c(CC)sc(CC)c3C(=O)c12),5_C
154,c1c2nn(CC)nc2c(cc1),60_C
155,c1c2nn(CC)nc2c(c(c1OC)OC),61_C
156,c1cc(OCC)c(cc1OCC),69_C
157,c1ccc(s1),6_C
158,c1cc2c(c3ccc(SCC)s3)c3c(c(c4ccc(SCC)s4)c2s1)cc(s3),70_C
159,c1c(F)c(F)c(c2nc(OCC)c(nc12)C),71_C
160,C=C,79_C
161,c1cc2c(c3ccc(CC)s3)c3c(c(c4ccc(CC)s4)c2s1)cc(s3),7_C
162,C=CC=C,80_C
163,c1cc2c(c3ccc(SCC)cc3)c3c(c(c4ccc(SCC)cc4)c2s1)cc(s3),81_C
164,c1cc(F)c(s1),82_C
165,c1cc(CC)c(s1),8_C
166,c1c2c(nn(CC)n2)c(c2C(=O)N(CC)C(=O)c12),92_C
167,c1cc2c(c3cc(F)c(CC)c(F)c3)c3c(c(c4cc(c(CC)c(c4)F)F)c2s1)cc(s3),93_C
168,C#C,99_C
169,c1sc(c(c1C(F)(F)F)C(F)(F)F),0
170,c1c(OCC)c(OCC)c(OCC)cc1,1
171,c1sc(c2c1cc(C=C)c(C)c2)C=C,3
172,c1oc(cc1C(=O)C)C=C,4
173,N1C(=S)C=C(C1=S),5
174,c1c(C)c(c2c1ccco2),6
175,c1sc(c2c1[C@H](C(=O)OC)CCC2)C=C,7
176,c1sc(C(=O)OC)cc1C=C,8
177,c1sc(c(c1CC)CC),9
178,N1[C@H]2CSC[C@H]2N(S1),10
179,N1[C@H]2[C@H](N[C@@H]3[C@@H](CSC3)N2)N(S1),11
180,c1scc2c1C[C@H](C)[C@H](C2)C(=C)C=C,12
181,c1[nH]c(c2c1nccn2)C=C,13
182,C1Oc2cscc2OC(C1=O),14
183,c1sc(c2c1CC(=O)C(=O)C2)C=C,15
184,c1cc2c(cs1)c1c(ccs1)c2C=C,16
185,c1cc2c(s1)c1c(C2)cc(s1),17
186,c1c(c2c(s1)nc1c(c2CC)CCS1),18
187,c1sc(c2c1cc(F)c(F)c2),19
188,c1cc(N(=O)=O)c(cc1),20
189,c1c(C)cc(s1),21
190,c1c2nonc2c(cc1)C=C,22
191,c1sc(CC)c(c1CC),23
192,c1[nH]c(C=C)c(c1)C=C,24
193,c1c(C(=O)C)scc1C=C,25
194,c1oc(c(c1F)F),26
195,c1ccc(c2c1cccn2)C=C,27
196,c1cc2c(C=C/C/2=C\2/C=Cc3c2cccc3)c(c1),28
197,c1c(F)cccc1C=C,29
198,c1sc(c(c1N(=O)=O)C#N)C=C,30
199,C(=C)c1sc(C)c(c1)C=C,31
200,c1sc(c2c1SCCCS2),32
201,c1cc2occoccoccoccoc2cc1C=C,33
202,c1c(O)sc2c1[nH]c1c2sc(c1),34
203,c1c2ccccc2c(c1=O),35
204,c1sc(c2c1[C@H](C=C)CCC2)C=C,36
205,c1c2C(=O)OCc2ccc1C=C,37
206,c1sc(c2c1C=[S]C=C2)C=C,38
207,c1c(C(F)(F)F)sc(C#N)c1C=C,39
208,c1sc(c2c1cc(C(=O)C)cc2),40
209,C(=C)N=N,41
210,c1cc2c(cc1)c1c(C2(CC)CC)cc(cc1)C=C,42
211,c1sc(c2c1c(C#N)ccc2C#N),43
212,c1sc(OC)c(C(=O)C)c1C=C,44
213,c1sc(c2c1[nH]c(N(=O)=O)c2)C=C,45
214,c1cc2c(C=C/C/2=C\2/C=Cc3c2cccc3)c(c1)C=C,46
215,c1c(OC)sc(OC)c1C=C,47
216,c1sc(c(c1)C#N)C=C,48
217,c1ccc(=O)c1,49
218,C1=C2C(C(=O)S1)=CN(C2=O)C=C,50
219,c1sc(c2c1CCC[C@H]2O),51
220,c1c2CCc2sc1C=C,52
221,c1cccc2c1N(C)C(=O)C2C1C(=O)N(C)c2cc(ccc12),53
222,C1SC=C1C(=O)OC,54
223,c1sc(c(c1)C(=O)C(F)(F)F)C=C,55
224,c1sc(c2c1c(C)ccc2),56
225,c(s1)c2c(=O)c3cn(CC)cc3c(=O)c2c1C=C,57
226,C1=C2C(C(=O)O1)=C(OC2=O),58
227,c1oc(c(c1OC)C#N)C=C,59
228,c1c(c2c(s1)[C@H]1[C@H](C2(CC)CC)CCS1),60
229,c1sc2c(c3ccoc3cc2c1),61
230,C=NNc1ccc(cc1),62
231,c1c(OCC)c(OCC)c(OCC)cc1C=C,63
232,c1oc2c(C(=O)N)c(oc2c1)C=C,64
233,c(s1)c2NCOc2c1,65
234,c1cc(CN)ccc1CN,66
235,c1sc(c2c1sc(C(=O)CC)c2F),68
236,c1c(C(F)(F)F)sc(C#N)c1,69
237,C1C2CC(=C)O[C@H](C1C=CC2C)CCC,70
238,c1sc(c2c1SCC(=O)CS2)C=C,71
239,c1sc(c2c1C(=O)c1ccccc1C2=O),72
240,C1=C(C=C/C/1=C\1/C=CC(=C1)N)N,73
241,c1sc(c2c1nco2)C=C,74
242,C1=c2ccccc2=C(C1=C),75
243,c1n(CC)nc(c1CC)CCC=C,76
244,c1sc(c2c1C[C@H](C(F)(F)F)CC2)C=C,77
245,c1sc(c2c1C[C@H](F)[C@@H](F)C2),78
246,c1sc2cc(C(=O)O)sc2c1,79
247,C1=C(Oc2c(csc2)O1)C=C,80
248,c1sc(c(c1N(=O)=O)N(=O)=O)C=C,81
249,C1=[S]C(=S)C2=C1C=C(S2(=O)=O),82
250,c1c2c(ncc(CC)n2)c(s1),83
251,N1C(=O)C=C(C1=O)C=C,84
252,c1cnc(c2c1nccn2)C=C,85
253,c1sc(c2c1OCCO2)C=C,86
254,c1sc2c(c1)n(C)c1c2sc(c1)C=C,87
255,c1sc2c(c1)sc1cc(sc21),88
256,c1scc(C#N)c1N,89
257,c1sc(c2c1SCC(=O)CO2)C=C,90
258,C1=C2C(C(=O)O1)=C(OC2=O)C=C,91
259,c1occc1S,92
260,c(s1)c2cc(OC)c(OC)cc2c1C=C,93
261,c1c2c(OCC)c3c(ccs3)c(OCC)c2sc1C=C,94
262,C#CC#C,95
263,c1sc(c2c1cc(S)c(O)c2),96
264,c1c(CC)sc(c1),97
265,c1ccc(cc1)C=C,98
266,c1sc(c2c1sc(=O)c(=O)s2)C=C,99
267,c1sc(c2c1c(C#N)ccc2)C=C,100
268,C1=CC(N(=O)=O)C(C2C=CC=C2N(=O)=O)=C1C=C,101
269,C1=C/C(/C(=C1)C#N)=C\1/C=C(C=C1C#N),102
270,c1cc2c(cc1)c1c(C2(C)C)cc(cc1),103
271,c1[nH]c(=O)c2c1c(=O)[nH]c2,105
272,N(CC)c1cscc1N(CC)C=C,106
273,c1sc(c2c1c(N(=O)=O)ccc2N),107
274,c1c(C)cc(c(c1)C)C=CC=C,108
275,c1c2c(nccn2)c(c2c1nccn2)C=C,109
276,c1scc2c1N(CCN2C(=O)O)C=C,110
277,c1scc(N(O)O)c1N(O)O,111
278,C1=C2OCCSC2=C([S@@]1NC)C=C,112
279,C1=C(N(=O)=O)C=C/C/1=C\1/C=CC(N(=O)=O)=C1,113
280,c1scc2c1C=C(S2(=O)=O)C=C,114
281,c(s1)c2scnc2c1,115
282,c1c2c(SCC2)c2c(CCS2)c1,116
283,c1c(C#N)sc(OC)c1C=C,117
284,c1sc(c2c1[C@H](C)CCC2)C=C,118
285,C/C=C\1/OCCC(OCC1)C=C,119
286,c1csc2c1c(CC)c1c(c2CC)scc1C=C,120
287,c1sc(c2c1cc(S)cc2)C=C,121
288,c1c(C(=O)C(F)(F)F)scc1C=C,122
289,c1csc2c1c(CC)c(CC)c1c(csc21)C=C,123
290,c1sc(c2c1[C@H](C)CC[C@H]2C)C=C,124
291,c1cccc2c1N(C)C(=O)C2C1C(=O)N(C)c2cc(ccc12)C=C,125
292,c1ccc(=O)c1C=C,126
293,c1sc(c2c1C[C@H](C#N)[C@@H](C#N)C2),127
294,c1c2cscc2c(nn1),128
295,C1=CC=C(S1(=O)=O)C=C,129
296,c1sccc1SC=C,130
297,c1nc2c(c(=O)c3c2ncc3)c1C=C,131
298,c1sc(c(c1CC)CC)C=CC=C,132
299,c1sc(c2c1C[C@H](S)CC2),133
300,c1[nH]c2cc([nH]c2c1),134
301,c1c(F)c(F)c(c2c1nn(CC)n2)C=C,135
302,c1nc2c(s1)c1c(c(c2CC)CC)N(CS1)C=C,137
303,c1scc2c1C(=[S@@](OC)C(=C2)OC),138
304,c1sc(c2c1OCSS2)C=C,139
305,C=Cc1csc(c1)C=C,140
306,c1sc(c2c1C[C@H](OC)[C@@H](OC)C2)C=C,141
307,c1c2n(CCC)c3c(c2ccc1)cccc3,143
308,c1cc2c(s1)cc(s2)C=C,144
309,c1sc(CC)c(c1CC)C=C,146
310,c1[nH]c(cc1)C#C,147
311,c1sc(c2c1c(C(=O)C(F)(F)F)ccc2)C=C,148
312,c1scc(OC)c1NC=C,149
313,c1occ(N(=O)=O)c1N,150
314,c1cnc(c2c1nccn2),152
315,c1sc(c2c1[C@H](C(=O)O)CC[C@H]2O)C=C,153
316,Sc1cscc1SC=C,154
317,N1C(=S)C=C(C1=S)C=C,155
318,c1oc(cc1C(=O)C(F)(F)F)C=C,156
319,c1oc(cc1C#N)C=C,157
320,c1sc(c(c1C)C)C=C,158
321,c1cc(C)cc(c1C)C=C,159
322,c1sc(c2c1C(=O)NC2=O),160
323,c1c(C#N)sc(OC)c1,161
324,c1c(OC)sc(OC)c1,162
325,c1cc2c(s1)c1c([nH]2)cc(s1),163
326,c1sc(cc1)C#C,164
327,c1sc(c2c1c(S)ccc2O),165
328,c1sc(c2c1sc(=O)s2)C=C,166
329,c1sc(c2c1c(F)c(F)c(F)c2F),167
330,c1c2nsnc2c(cc1)C=C,168
331,c1oc2c(C(=O)N)c(oc2c1),169
332,c1sc(c2c1c(C(=O)OC)ccc2),170
333,c1cc(CC)c(c(c1)CC)/C=C(/C),171
334,c1sc(c(c1)C=O)C=C,173
335,c1[nH]cnc1,174
336,c1sc(O)c(c1)C=C,175
337,c1sc(c2c1ocn2)C=C,177
338,c1sc(c2c1[C@H](C(F)(F)F)CC[C@H]2OC)C=C,178
339,c1csc2c1c(CC)c1c(n2)scc1,179
340,c1c(CC)c(ccc1)C=C,180
341,C1=C(N(=O)=O)C=C/C/1=C\1/C=CC(N(=O)=O)=C1C=C,181
342,c1sc(c2c1C(=O)CC2=O),182
343,N1[C@@H]2C[C@@H]3NSN[C@@H]3C[C@@H]2N(S1),183
344,c1c2c(=O)sc(=O)c2c(c2c1c(=O)oc2=O),184
345,c1sc(c2c1SCS2),185
346,c1sc(c2c1CC[C@@H](N(=O)=O)C2),186
347,c1oc(nc1)C=C,187
348,C#Cc1sc(cc1)C#C,188
349,c1scc(OC)c1N,189
350,c1sc(c2c1[C@H](C#N)CC[C@H]2OC),190
351,c1sc(c2c1CCC[C@H]2O)C=C,191
352,c1c(OCC)cc(OCC)c(c1),193
353,c1sc(c2c1ncnc2),194
354,c1cc2c(C(CN)CN)c3cC(ccc3c2cc1)C=C,195
355,c1cc2c(cc1)c1c(C2)cc(cc1)C=C,196
356,c1sc(C)c(c1)C=C,197
357,c1sc(c2c1SCC(=O)CO2),198
358,c1sc(N(=O)=O)cc1C=C,199
359,c(s1)c2ccs(=N)(=O)c2c1,200
360,c1sc(c2c1C[C@H](F)[C@@H](F)C2)C=C,201
361,N(CC)c1ccc(c(c1)C=C)N(CC),202
362,c1c2C(=O)OCc2ccc1,203
363,c1c2cS(F)cc2ccc1,204
364,C1=C(F)C=C/C/1=C\1/C(=CC(=C1)F)C=C,205
365,c1sc(c2c1c(C(=O)C)ccc2)C=C,206
366,c1oc2c(c1)C(=O)c1c2oc(c1),207
367,c1occc1N,208
368,c1c2c(sc(C(=O)OCC)c2F)c(s1)C=C,209
369,c1occc1SC=C,210
370,C1=C(Cc2c(C1)nsn2)C=C,211
371,C1=CC(OC)=C(/C/1=C\1/C=C(OC)C=C1),212
372,C1=CC=C(C1=S),213
373,N(CC)c1ccc(c(c1)C=C)N(CC)C=C,214
374,c1sc(c2c1[C@H](C)CCC2),215
375,C1=CC(C#N)=C/C/1=C/1\C(=CC(=C1)C#N)C=C,216
376,c1[nH]cc2c1[nH]cc2C=C,217
377,c1n(CC)c(cc1)C=C,218
378,c1c(cc2c(c1)nccn2)C=C,219
379,C1=C[C@@H]2[C@H](C1)[C@@H]1[C@@H](C=CC1)C2=C,220
380,c1oc(c(c1C#N)C#N)C=C,221
381,c1sc(c2c1c(C=C)ccc2C),222
382,c1sc(c2c1ocn2),223
383,c1scc2c1C(=[S@@](OC)C(=C2)OC)C=C,224
384,c1c(OC)cc(c(c1)OCC(CC)CC)C=C,225
385,c1sc(c2c1SCS2)C=C,226
386,c1cc(CC)c(c(c1)CC)/C=C(/C)C=C,227
387,C1=C2C(C(=O)S1)=C(OC2=O),228
388,c1sc(c2c1[C@H](C=C)CCC2),229
389,c1oc(cc1C=O)C=C,230
390,c1sc(c2c1cc(C(=O)OC)s2)C=C,231
391,C1=C(CC2=C1C[CH]2)C=C,232
392,c1sc2c(c1)c1c(scc1)c(c2)C=C,233
393,c1sc(c2c1[nH]c(=S)[nH]2),234
394,c1cc(c2c(c1)c1c(s2)cccc1),235
395,c1sc(c(c1O)C(=O)O),236
396,c1oc(c(c1C#N)C(F)(F)F),237
397,N1[C@H]2[C@H](N[C@@H]3[C@@H](CSC3)N2)N(S1)C=C,238
398,c1sc(c2c1OCCCC2)C=C,239
399,c1sc(c2c1nc(OCC)c(CN)n2),240
400,c1sc(c(c1O)C#N)C=C,241
401,C1SCN2[C@H]1NCC2,242
402,c1oc2c(c1)C(=S)c1c2oc(c1),243
403,c1c2c(=O)n(c(=O)c2cc2c1c(=O)[nH]c2=O)C=C,244
404,c1sc(c2c1sc(=S)o2),245
405,c1sc(c2c1OCCCO2)C=C,246
406,c1sc(c2c1c(C#N)ccc2OC)C=C,247
407,c1sc(c2c1cc(C(F)(F)F)cc2),248
408,c1occ(N(=O)=O)c1NC=C,249
409,c1c(C)Nc(C)c1,250
410,c1scc2c1c(ccc2O),251
411,c1sc(c2c1C[C@H](C(F)(F)F)[C@@H](OC)C2)C=C,253
412,C1=CC=C(C1=S)C=C,254
413,c1c2cS(F)cc2ccc1C=C,255
414,c1sc2c(c1)C(=O)C(=C2)C=C,256
415,c1sc(c2c1cc(C)c(C)c2),257
416,c1sc(c2c1c(F)ccc2F),258
417,c1[nH]c2[nH]c(nc2n1)C=C,259
418,c1c(OCCC)c(cc(c1)OCCC)C=C,260
419,c1sc(c2c1c(F)ccc2F)C=C,261
420,c1c(c2c(s1)nc1c(c2CC)CCS1)C=C,262
421,c1c2c(cccc2)c(s1)C=C,263
422,c1cc2c(s1)c1c(c(=O)n(c2=O)CC)cc(s1),264
423,c1sc(c2c1C=[S]C=C2),265
424,c1sc(c2c1cc(S)cc2),266
425,c1sc(O)c(c1),267
426,c1c(C)c(c2c1ccco2)C=C,268
427,C1=[S]C(=O)C2=C1C(=O)[S]=C2,269
428,c1sc(C(=O)O)cc1OC=C,270
429,c1sc(c2c1cc(C=C)cc2)C=C,271
430,c1sc(c(c1SCC)SCC)C=CC=C,273
431,c1cc2c(cc1)c1c(C2)cc(cc1),274
432,C1=CC2=CC(=NC2=C1),275
433,c1sc(c2c1C(=O)NC2=O)C=C,276
434,c1sc2c(c1)C(C)(C)c1c2sc(c1),277
435,c1sc(c2c1C[C@H](OC)[C@@H](OC)C2),278
436,c1sc(c2c1C[C@H](C#N)[C@@H](C#N)C2)C=C,279
437,c1[nH]cc(c1C)C=CC=C,280
438,c1sc(c2c1cc(C#N)c(C#N)c2)C=C,281
439,c1c(OCC)c(ccc1)C=C,282
440,c1sc(c2c1S(=O)(=O)CCC2),283
441,c1c(OC)cc(c(c1)OCC(CC)CC),284
442,c1oc2cc(sc2c1)C=C,285
443,c1sc(c(c1OC)C(F)(F)F),286
444,C#Cc1[nH]c(cc1)C#CC=C,287
445,c1sc(c2c1c(C=C)ccc2)C=C,288
446,C1S[C@@H]2[C@@H]1NCC2C=C,289
447,C1=[S]c2cscc2[S]=C1C=C,290
448,c1c2CCc2sc1,291
449,c1oc(c(c1C)C),292
450,c1oc(nn1)C=C,293
451,c1oc2cc(sc2c1),294
452,c1sc(c2c1cc(C=C)cc2),295
453,c1scc2c1c(c(cc2)O)C=C,296
454,C(=S)[CH]C1=[S]C=C(O1),297
455,c1sc2nc(sc2c1),298
456,C1=C2C(C(=O)N1)=C(OC2=O),299
457,c1sc(c(c1)C(F)(F)F),300
458,c1cc2c(C(CN)CN)c3cC(ccc3c2cc1),301
459,Nc1cscc1NC=C,302
460,c1sc(c2c1cc(C(C)(C)C)cc2),303
461,C=NNc1ccc(cc1)C=C,304
462,c1cc(cnc1)C=C,306
463,c(o1)c2c(=O)Nc(=O)c2c1,307
464,C1SC=C1C(=O)CC=C,308
465,c1sc(c2c1c(C(F)(F)F)ccc2C#N),309
466,c1c(C(=O)C)scc1,310
467,c1c(CC)c(CC)c(CC)cc1C=C,311
468,c1c(F)c(F)c(c2c1nsn2)C=C,312
469,c1scc(C(=O)O)c1S,314
470,c1scc(C)c1C=CC=C,315
471,c1cCcc1C=C,316
472,c1c2nc(C)c(C)nc2c(s1),317
473,C1OCC1,318
474,c1c(OC)c(cc(c1)OC)C=C,319
475,c1[nH]c(C=C)c(c1),320
476,c1sc(c2c1OSCCO2)C=C,321
477,c1ccc(c2c1cccn2),322
478,c1c(OC)c(cc(c1)OC),323
479,c1sc2c(c1)oc1c2sc(c1)C=C,324
480,c1sc(c2c1CC[C@@H](N)C2),325
481,C1=C/C(/C(=C1)F)=C\1/C=C(C=C1F)C=C,326
482,C1=CC2=C(OC=CO2)/C/1=C/1\C2=C(OC=CO2)C=C1C=C,327
483,C1=CC(C#N)=C/C/1=C/1\C(=CC(=C1)C#N),328
484,c1sccc1N(CC)C=C,329
485,c1sc(c2c1[C@H](S)CC[C@H]2O)C=C,330
486,c(oc1c(F)s2)csc1c2C=C,331
487,c1occc1C=C,332
488,c1sc(c2c1nc(OCC)c(OCC)n2),333
489,c1cc(c(cc1)N(c1ccccc1)c1ccccc1)C=C,334
490,c1oc(cc1C=O),335
491,c1c(CC)c(ccc1),336
492,c1ccc(s1)C=C,337
493,c1c2c(nccc2)c(s1),338
494,c(cc1)c2cC(C)cc2c1,339
495,c1c2c(ncc(C)n2)c(s1)C=C,340
496,c1c2c(=O)sc(=O)c2c(c2c1c(=O)sc2=O)C=C,341
497,c1sc(c(c1OC)C#N),342
498,c1sc(c2c1c(C(F)(F)F)ccc2),343
499,c1cnc2c1c(=S)c1c2ncc1C=C,344
500,c1cc(cc2c1ccc1c2cccc1),345
501,c1sc(c2c1sc(=O)s2),346
502,c1c(C(=O)C(F)(F)F)scc1,347
503,N1N[C@H]2[C@@H](C)[C@@H]3[C@@H](NSN3)[C@H](C)[C@H]2N1,348
504,c1cc2c(s1)c1c(C2(CC)CC)cc(s1)C=C,349
505,c1sc(c(c1OC)C(F)(F)F)C=C,350
506,c1sc(c(c1)C(=O)C(F)(F)F),351
507,c1sc(c2c1CC[C@@H](C(=O)O)C2)C=C,352
508,c1csc2c1c(CC)c(CC)c1c(csc21),353
509,C1=[S]C(=C(S1)C(=O)C)C=C,354
510,c1oc2c(c1)C(=O)c1c2oc(c1)C=C,355
511,c(s1)c2c(=O)c3cn(CC)cc3c(=O)c2c1,356
512,c1cc2c(s1)c1c(c(=O)[nH]c2=O)cc(s1)C=C,357
513,c1sc(c2c1[C@H](OC)CCC2)C=C,358
514,C1=C2C(C(=O)N1)=C(OC2=O)C=C,359
515,c1c(OCC)cc(CC)c(OCC)c1C=C,360
516,c1sc(c2c1OCC[C@@H](SC)O2)C=C,361
517,c1sc(c2c1cc(OC)cc2)C=C,362
518,c1c(C(=O)c2cscc2C(=O)c2ccccc2)ccc(c1)C=C,363
519,c1c(C(F)(F)F)sc(OC)c1C=C,364
520,c1sc(c2c1[C@H](C)CC[C@H]2C),365
521,c1cc2c(s1)c1c(C2)cc(s1)C=C,366
522,c1sc(c2c1C[C@H](S)CC2)C=C,367
523,c1c(C)sc(C)c1,368
524,c1sc(c2c1C[C@H](C(=O)OC)CC2),369
525,c1sc(NC)c(c1C(=O)OC)C=C,370
526,c1sc(c2c1c(C(F)(F)F)ccc2OC)C=C,371
527,c1sc(c2c1[C@H](S)CCC2)C=C,372
528,c1cc2c(C(=O)N(C2=O)CC)cc1C=C,373
529,c1occ(OC)c1NC=C,374
530,c1oc(c(c1)N(=O)=O)C=C,375
531,c1c2c(ncs2)c(c2c1ncs2),376
532,c1scc2c1sc1c2csc1,377
533,c1sc(c(c1)N(=O)=O),378
534,c1c(OCC)cc(OCC)c(c1)C=C,379
535,C1C[C@@H]2[C@@H](CC1)N(CC)[C@@H]1[C@@H](S2)CCCC1C=C,380
536,c1[nH]c2cc([nH]c2c1)C=C,381
537,c1[nH]c(c(c1)C(=O)C)C=C,382
538,c1nc2cscc2nc1C=C,383
539,C1=Cc2cc3=CC(=Cc3cc2=C1)C=C,384
540,c1sc(c2c1C(=O)SC2=O)C=C,385
541,c1sc(c2c1CCS(=O)(=O)C2),386
542,c1ccc2c(c1)oc1c2ccc(c1),387
543,c1sc(c2c1CC[C@@H](O)C2),388
544,c1scc2c1C[C@@H]([C@@H](OC)C2)NC=C,389
545,c1scc(N(=O)=O)c1N,390
546,c1sc(c2c1sc(N(=O)=O)c2)C=C,391
547,c1sc(c2c1[C@H](N(=O)=O)CC[C@H]2N(=O)=O),392
548,C1=Cc2[nH]c(cc2C1),393
549,c1sc(C(F)(F)F)cc1,395
550,c1sc(c2c1c(C=C)ccc2),396
551,c(s1)c(O)c(NN)c1,397
552,c1cc2c(cc1)c1c(C2(C)C)cc(cc1)C=C,398
553,C1C(=O)O[C@@H]2[C@H]1CC[C@@H]1[C@H]2OC(=O)C1C=C,399
554,c1sc(C)c(c1),400
555,c1n(CC)c(cc1),401
556,c1sc(c(c1C(=O)O)OC),402
557,c1[nH]cc(c1C)C=C,403
558,C1C[C@@H]2[C@@H](CC1)N(CC)[C@@H]1[C@@H](S2)CCCC1,404
559,c1sc(c2c1scc2),405
560,c1[nH]c(/C=C/c2[nH]ccc2)c(c1),406
561,c1c2nsnc2c(c2c1nc(CC)c(CC)n2)C=C,408
562,c1csc2c1cc(c1c2scc1)C=C,409
563,c1sc2c(c1F)c(OCC)c1c(c2OCC)c(F)c(s1),410
564,c1sc(c2c1[C@H](C(=O)C)CCC2)C=C,411
565,c1sc(c2c1C[C@H](C(=O)C)CC2)C=C,412
566,c1scc2c1nc(c(NC)n2)N(C)C=C,413
567,c1c(OCC)c(ccc1),414
568,c1sc2c(c1)C(=O)C(=C2),415
569,c1sc(c2c1cc(N(=O)=O)c(N)c2),416
570,c1scc(C(=O)OC)c1C=C,417
571,c1cc(SC)sc1C=C,418
572,C1=C2CSC[C@H]2C(=C1),419
573,c1sccc1O,420
574,C1=C(c2cscc12),421
575,c1c(F)sc(F)c1,422
576,c1c2c(ncc(C)n2)c(s1),423
577,c1c2c(cccc2)c(s1),424
578,c1cc2c(cs1)c1c(ccs1)c2,425
579,c1sc(c2c1ccc(F)c2)C=C,426
580,C1C(=O)O[C@H]2[C@@H]1CC[C@H]1[C@@H]2OC(=O)C1C=C,427
581,c1sc(c2c1oc(=O)c(=O)s2)C=C,428
582,c1occc1C=CC=C,430
583,c1sc(c2c1[C@H](C(F)(F)F)CC[C@H]2C#N)C=C,431
584,c1ccc(c2c1nc(CC)c(CC)n2)C=C,432
585,c1oc(cc1OC)C=C,433
586,c1sc(c2c1ncnc2C#N),434
587,c1sc(c2c1C[C@H](C(=O)O)[C@@H](O)C2)C=C,435
588,c(s1)c2ccs(=N)(=O)c2c1C=C,436
589,c1sc(c(c1OCC)ON(=O)=O)C=C,437
590,C=Cc1oc(c(c1O)O)C=C,438
591,c1sc(c2c1cc(C(=O)C(F)(F)F)cc2),439
592,c1c2[nH]cnc2c(c2c1[nH]cn2),440
593,Sc1cscc1S,441
594,c1sc(c2c1S(=O)(=O)CCC2)C=C,442
595,c1sc(c2c1OCCCS2)C=C,443
596,c1sc(c(c1C#N)C(F)(F)F),444
597,c1scc2c1C(=C[S@@]2[O]),445
598,c1cnc(cc1)C=C,446
599,c1sc(c(c1OC)OC),447
600,c1sc(c2c1CCC2),448
601,C1=C(CC2=C1C[CH]2),449
602,C1SCN2[C@H]1NCC2C=C,450
603,c1[nH]c2nc3[nH]c(nc3nc2n1),451
604,c1c(F)c(F)c(c(c1F)F)C=C,452
605,c(s1)c2scnc2c1C=C,453
606,C1OCC1C=C,454
607,c1coc(N(=O)=O)c1C=C,455
608,C1=CC(=[S]C1)c1ccc(s1)C1=[S]CC(=C1)C=C,456
609,c1c(S)sc(O)c1,457
610,C(=S)[CH]C1=[S]C=C(O1)C=C,458
611,c1oc(cc1OC),459
612,c1sc(c2c1cc(C(C)(C)C)cc2)C=C,460
613,c1sc(c(c1N(=O)=O)N(=O)=O),461
614,c(oc1c(F)s2)csc1c2,462
615,c1c(c2c(s1)[C@H]1[C@H](C2(CC)CC)CCS1)C=C,463
616,c(o1)c2c(=O)Nc(=O)c2c1C=C,464
617,c1sc(c(c1)C(=O)C)C=C,465
618,N1c2cscc2N(CC1),466
619,c1cc(cc2c1n(c1c2cccc1)C(CC)CC),467
620,c1sc(c2c1nc(CCO)c(CN)n2),468
621,c1sc(c(c1O)OC),470
622,c1sc(c(c1C#N)C(F)(F)F)C=C,471
623,c1c2c(C=C)c3c(cc2ccc1)c(ccc3)C=C,472
624,N1C(=O)C(c2c1cc(cc2)C)C1C(=O)N(c2c1ccc(C)c2),473
625,c1sc(c2c1[nH]c(=O)[nH]2),474
626,c1sc(c2c1CCCC2)C=C,475
627,c1sc(NC)c(c1C(=O)OC),476
628,c1sc(c2c1CCC[C@H]2C=O)C=C,477
629,c1sc(c2c1C[C@H](C(F)(F)F)[C@@H](C(F)(F)F)C2),479
630,c1oc(cc1C(=O)C),480
631,c1sc(c2c1C[C@H](C)[C@@H](C)C2)C=C,481
632,c1sc(C=O)c(c1),482
633,c1c(CC)cc(s1)C=C,483
634,c1sc(c2c1[C@H](C(=O)C(F)(F)F)CCC2),484
635,Nc1sc(c2c1nccn2)C=C,485
636,c1sc(c2c1oc(N(=O)=O)c2)C=C,486
637,c1oc2CCc2c1C=C,487
638,C1=C(CC)C(CC)=C(S1(=O)=O),488
639,c1oc(cc1C),490
640,c1scc2c1sc1c2csc1C=C,491
641,c1cnc2c1c(=S)c1c2ncc1,492
642,C/C=C\1/OCCC(OCC1),493
643,c1sc(c(c1C(=O)O)OC)C=C,494
644,c1sc(C(=O)O)cc1O,495
645,c1sc(c2c1CC[C@@H](O)C2)C=C,497
646,C1=CC2=C(C1)C=C(C2),498
647,c1sc(c2c1CC(=O)C(=O)C2),499
648,c1sc(c(c1OCC)ON(=O)=O),500
649,c1sc(c(c1C=C)OC)C=C,501
650,c1sc(c(c1N(=O)=O)C#N),502
651,c1sc2c(c1)C(=O)c1c2sc(c1)C=C,503
652,c(s1)c2C(NCC)OC(O)c2c1C=C,504
653,c1oc(nn1),506
654,c1sc(c2c1[C@H](OC)CC[C@H]2OC)C=C,507
655,N1CN[C@@H]2C[C@H]3[C@@H](C[C@H]12)N(CN3),508
656,c1sc(c2c1oc(=O)c(=O)s2),509
657,N1N[C@H]2[C@@H](C)[C@@H]3[C@@H](NSN3)[C@H](C)[C@H]2N1C=C,510
658,c1sc(c2c1[C@H](C(=O)OC)CCC2),511
659,c1sc(c2c1cc(S)c(O)c2)C=C,512
660,c1occc1NC=C,513
661,c1oc(c(c1OC)OC)C=C,515
662,N1c2cscc2N(C1)C=C,516
663,c1sc(c2c1OCCS2),517
664,c1sc(c2c1[C@H](C(F)(F)F)CCC2)C=C,518
665,c1oc(cc1C)C=C,519
666,c1sc(c(c1C(F)(F)F)C(F)(F)F)C=C,521
667,c1nnc(nn1),522
668,c1oc(c(c1O)S),523
669,c1[nH]c(c2c1nccn2),524
670,C=C(C)CNC=C,525
671,c1c(N)ccc(c1)C=C,526
672,c1c(C)cc(c(c1)C),527
673,c1sc(c2c1oc(C#N)c2),528
674,c1sc(c2c1[C@H](C(F)(F)F)CC[C@H]2C(F)(F)F),529
675,c1sccc1/C=C(/Cc1sc(CC)cc1),530
676,c1oc(cc1C(=O)OC)C=C,531
677,c(s1)c2c(=O)N(CC)c(=O)c2c1C=C,532
678,c1cnc(cc1)C=CC=C,533
679,c1sc(c2c1cc(C#N)c(OC)c2)C=C,534
680,c1c(c2c(s1)c(CC)c1c(c2CC)scc1)C=C,535
681,N1c2cscc2N(CC(=O)C1)C=C,537
682,C1=CC(=C2[C@H]1CCS2),538
683,c1sccc1N(CC),539
684,c1csc2c1cc1c(ccs1)c2C=C,541
685,N1CN[C@@H]2N[C@H]3[C@@H](N[C@H]12)NCN3C=C,542
686,c1oc(cc1C(F)(F)F),543
687,c1sc(c2c1cc(C)c(OC)c2)C=C,544
688,C1C([CH2])CCC1,545
689,c1sc(c2c1[C@H](F)CC[C@H]2F)C=C,547
690,c1coc(N(=O)=O)c1,548
691,c1c(O)sc2c1[nH]c1c2sc(c1)C=C,549
692,c1sc(c2c1[C@H](C(F)(F)F)CC[C@H]2C(F)(F)F)C=C,550
693,c1c2[nH]cnc2c(c2c1[nH]cn2)C=C,551
694,c1c2c(ncc(CC)n2)c(s1)C=C,552
695,c1sc(c2c1cccc2F)C=C,553
696,c1sc(c2c1[C@H](N)CC[C@H]2N)C=C,554
697,c1sc(c(c1O)C(=O)O)C=C,555
698,c1sc2c(c1)C(=S)c1c2oc(c1),556
699,c1scc2c1[C@@H](CCC2)N,557
700,C1=C(Cc2cscc2C1)C=C,558
701,c1sc(c2c1C(=O)CCC2=O),559
702,c1c2c(nccn2)c(c2c1nccn2),560
703,c1scc(C(=O)O)c1SC=C,561
704,c1sc(c2c1cc(C=C)c(C)c2),562
705,c1c(N)ccc(c1),563
706,C1=C2OCCSC2=C([S@@]1NC),564
707,c1scc2c1C=C(S2(=O)=O),565
708,c1sc(c2c1c(C=C)ccc2C)C=C,566
709,c1c2c(=O)sc(=O)c2c(c2c1c(=O)sc2=O),567
710,N(CC)c1cscc1N(CC),568
711,c1sc(c2c1sc(=O)c(=O)s2),569
712,c1c([CH2])c(c2c1ccsc2)C=C,570
713,c1sc(c2c1OCO2),571
714,c1sc2c(c1)[nH]c(c2),572
715,c1sc(c2c1c(C)ccc2C)C=C,573
716,C1=C/C(/C(=C1)OC)=C\1/C=C(C=C1OC)C=C,574
717,c1c2cscc2c(N)c(c1),575
718,c(s1)c(O)c(NN)c1C=C,576
719,c1oc(c(c1C#N)C#N),577
720,c1sc(c2c1cc[nH]2)C=C,578
721,c1sc(c2c1C(=O)CC2=O)C=C,579
722,c1ccc(OCC)c2c1c(OCC)ccc2,580
723,c1cc(SC)sc1,581
724,c1sc2c(c1)sc1cc(sc21)C=C,582
725,c1c2c(SCC2)c2c(CCS2)c1C=C,584
726,c1sc(c2c1nc(N)c(N)n2)C=C,585
727,C#Cc1sc(cc1)C#CC=C,586
728,c1scc2c1c(c(cc2)O),587
729,c1sc(c2c1C[C@H](C#N)[C@@H](OC)C2),588
730,c1sccc1NC=C,589
731,c1csc2c1n(CC)c1c2scc1C=C,590
732,c1sc(c2c1[C@H](C#N)CC[C@H]2OC)C=C,591
733,c1sc(c2c1C[C@H](N(=O)=O)[C@@H](N(=O)=O)C2),592
734,c(s1)c(CCN)c(CCN)c1,593
735,c1sc(c2c1cc(C#N)c(C#N)c2),594
736,C1=CC2=C(C1)C=C(C2)C=C,595
737,c1oc(cc1C#N),596
738,c1c(C)cc(s1)C=C,597
739,C1=CC=C(S1(=O)=O),598
740,C1=CC2=C(C1)N=C(C2),599
741,c1c(nc2cSc12)C=C,600
742,c1[nH]c(c(c1)C(=O)C),601
743,c(s1)c2c(=O)n(C)c(=O)c2c1C=C,603
744,Nc1sc(N(=O)=O)cc1C=C,604
745,c1oc(cc1C(F)(F)F)C=C,606
746,c1sc(c2c1cc(N(=O)=O)c(N(=O)=O)c2),607
747,C1=C(F)C=C/C/1=C\1/C(=CC(=C1)F),608
748,c1scc2c1C[C@@H](CC2)C(=C)C=C,609
749,c1sccc1/C=C(/Cc1ccc(CC)cc1)C=C,610
750,c1sc(c2c1[C@H](C(F)(F)F)CCC2),611
751,c1sc(c2c1cccc2F),612
752,c1sc(c2c1ncnc2)C=C,613
753,c1n(C)c(=O)c2c1c(=O)n(C)c2C=C,614
754,c1sc2C3=C([CH]S3)Cc2c1C=C,615
755,C1=C/C(/C(=C1)C#N)=C\1/C=C(C=C1C#N)C=C,616
756,c1scc2c1C=C(C2),617
757,c1c(ncc2c1non2),618
758,c1c(OCC)cc(CC)c(OCC)c1,619
759,c1sc2c(c1)c1c(scc1)c(c2),620
760,c1sc(c2c1sc(=S)o2)C=C,621
761,c1sc(c(c1SCC)SCC)C=C,622
762,c1scc2c1CCC[C@H]2C(=O)OC=C,623
763,c1sc(c2c1c(N(=O)=O)ccc2),624
764,c1sc(c2c1cc(C(F)(F)F)cc2)C=C,625
765,c1c2nccnc2c(s1)C=C,626
766,c1c2ccccc2c(c1=O)C=C,627
767,C1C(=O)Oc2c1cc1c(c2)C(C(=O)O1),628
768,c1sc(c(c1O)S)C=C,630
769,c1[nH]cc2c1S(=O)(=O)C(=C2)C=C,631
770,c1sc(nn1)C=C,632
771,NCc1cc(OCC)c(cc1OCC)CNC=C,633
772,c1occ(C)c1C=C,634
773,c1c(S)sc(O)c1C=C,635
774,c1sc(c2c1cc(C=O)cc2)C=C,636
775,c1sc(c2c1sc(=S)s2),637
776,c1sc(c2c1[nH]cn2),638
777,c1sccc1OC=C,639
778,c1sc(c2c1c(S)ccc2O)C=C,640
779,c1scc2c1CCC[C@H]2C(=O)O,641
780,c1sc(c2c1ccc(F)c2),642
781,c1c2nc(CC)c(CC)nc2c(s1)C=C,643
782,c1sc(c2c1C[C@H](S)[C@@H](O)C2),644
783,c1scc2c1C=C(C2=O),645
784,c1sc(c2c1nc(CN)c(CN)n2),646
785,c1cnc(c2c1nsn2),647
786,C=CC=CC=C,648
787,N1C(=O)C(c2c1cc(cc2)C)C1C(=O)N(c2c1ccc(C)c2)C=C,649
788,c1sc(c2c1C[C@H](C)[C@@H](C)C2),650
789,c1cc(cc2c1ccc1c2cccc1)C=C,651
790,c1[nH]c(/C=C/c2[nH]ccc2)c(c1)C=C,652
791,c1oc(c(c1)N(=O)=O),653
792,c1[nH]c(cc1),654
793,c(s1)cc(c(=C(CN)(CN))2)c1c(s3)c2cc3,657
794,c1sc(c2c1occ2),658
795,c1sc(c2c1oc(N(=O)=O)c2),659
796,c1ccc2c(c1)oc1c2ccc(c1)C=C,660
797,c1sc(cc1)SC=C,661
798,N1[C@H]2CSC[C@H]2N(S1)C=C,662
799,c1c2nonc2c(cc1),664
800,c1oc(cc1C(=O)O),665
801,c1sc(cc1)c1ccc(s1)c1sc(cc1)C=C,666
802,c1sc(c2c1c(C#N)ccc2),667
803,c1c(CC)c(CC)c(CC)cc1,669
804,C1=C/C(/C(=C1)OC)=C\1/C=C(C=C1OC),670
805,c1c(oc2cscc2s1)C=C,671
806,c1sc(c2c1ncs2)C=C,672
807,c1c(nc2cSc12),673
808,c1c(CC)sc(c1)C=C,674
809,C=Cc1oc(c(c1O)O)C=CC=C,675
810,c1sc(c2c1CCS(=O)(=O)C2)C=C,676
811,c(s1)cc(c(=C(CN)(CN))2)c1c(s3)c2cc3C=C,677
812,C(C(=O)1)C(=O)C1,678
813,c1c(C)sc(C)c1C=C,680
814,c(s1)cc(c(=S)2)c1c(s3)c2cc3C=C,681
815,c1sc(c2c1[C@H](F)[C@H](F)[C@@H](F)[C@H]2F)C=C,682
816,C1=C(C(=C[S@@]1O)O)C=C,683
817,C1=C2C(C(=O)S1)=CN(C2=O),684
818,c1sc(c2c1CC[C@@H](N(=O)=O)C2)C=C,685
819,c1sc(c(c1)C=O),686
820,C1=CC2=C(C1)N=C(C2)C=C,687
821,N1CN[C@@H]2C[C@H]3[C@@H](C[C@H]12)N(CN3)C=C,688
822,c1sc(c2c1C(=O)c1ccc(CC)cc1C2=O)C=C,689
823,c1csc2c1c(CC)c1c(c2CC)scc1,690
824,c1sc(c2c1cc(OC)cc2),691
825,c1sc(c2c1C[C@H](N)[C@@H](N(=O)=O)C2),692
826,c1c2nc(C)c(C)nc2c(s1)C=C,693
827,c1sccc1/C=C(/Cc1sc(CC)cc1)C=C,694
828,c1oc(cc1O)C=C,695
829,c1sc(c2c1[nH]c(=S)[nH]2)C=C,696
830,c1c(C)cc(CC)c(C)c1,697
831,c1sc(c2c1C(=O)OC2=O)C=C,698
832,c1cc(c2c(c1)c1c(s2)cccc1)C=C,699
833,c1c(OCC)c(cc(c1)OCC)C=C,700
834,c1scc2c1c1c(s2)sc(c1)C=C,701
835,c1nc2CCNS2c1,702
836,c1sc(c2c1[C@H](C#N)CC[C@H]2C#N)C=C,703
837,c1sc(c2c1[C@H](C#N)CC[C@H]2C#N),704
838,c1oc2c(c1)C(=S)c1c2oc(c1)C=C,705
839,c1sc(c(c1C#N)C#N),706
840,C1S[C@@H]2[C@@H]1NCC2,707
841,c1c2c(=O)oc(=O)c2c(c2c1c(=O)oc2=O),708
842,c1c(C)Nc(C)c1C=C,709
843,c1sc(c2c1CC[C@@H](N)C2)C=C,710
844,Nc1sc(c2c1nccn2),711
845,c1sc2c(c1)C(=S)c1c2oc(c1)C=C,712
846,c1c2c(OCN2)c(s1)C=C,713
847,c1[nH]cc2c1S(=O)(=O)C(=C2),714
848,C1=C(CC)C(CC)=C(S1(=O)=O)C=C,715
849,c1sc(CC)c2c1nc(s2)C=C,716
850,c1c2n(CC)c3c(c2ccc1)cccc3C=C,717
851,c1sc(c2c1OCSS2),718
852,c1cc(c2c1[nH]cnc2)C=C,719
853,c1c(OCC)cc(c(c1)OCC)C=CC=C,720
854,c1cc(c(cc1)N(c1ccccc1)c1ccccc1),722
855,C1=CC(=C2[C@H]1CCS2)C=C,723
856,c1sc(c2c1c(S)ccc2),724
857,c1sc2C3=C([CH]S3)Cc2c1,725
858,c1sc2c(n1)Cc1c2sc(c1),726
859,c1sc(c2c1cc(C(F)(F)F)c(OC)c2)C=C,727
860,c1sc(c2c1CC[C@@H](C)C2)C=C,728
861,c1oc(c(c1OC)OC),729
862,c1scc2c1[C@@H](CC[C@H]2N(=O)=O)NC=C,730
863,c1sc(c2c1OCC[C@@H](SC)O2),731
864,c1c(ncc2c1non2)C=C,732
865,c1occ(C)c1C=CC=C,733
866,c1c2c(ccs1)nc1c2sc(c1),734
867,c1nc2cscc2nc1,735
868,c1sc(c2c1OSCS2),736
869,c1sc(c2c1C[C@H](C#N)[C@@H](OC)C2)C=C,737
870,c1scc2c1C[C@@H](CC2)C(=C),739
871,c1sc(c(c1)N(=O)=O)C=C,741
872,c1sc(c2c1[C@H](F)[C@H](F)[C@@H](F)[C@H]2F),742
873,c1c2c(cccc2)cc2c1c(ccc2),743
874,c1c2nsnc2c(c2c1nc(CC)c(CC)n2),744
875,c1oc(c(c1C)C)C=C,745
876,c1sc(c2c1[nH]c(N(=O)=O)c2),747
877,c1c(sc(OC)c1)NC=C,748
878,c1sc(c2c1oc(=O)o2),750
879,C1=CC(OC)=C(/C/1=C\1/C=C(OC)C=C1)C=C,751
880,c1cc2c(cc1)C(C(=O)N2CC)C1C(=O)Nc2cc(ccc12),752
881,N1c2cscc2N(CC1)C=C,753
882,c1sc(c2c1cc(C(=O)C(F)(F)F)cc2)C=C,754
883,c1c2nc(CC)c(CC)nc2c(s1),755
884,c1scc2c1C[C@@H]([C@@H](OC)C2)N,756
885,C1SC=C1C(=O)C,757
886,C1=CC2=C(OC=CO2)/C/1=C/1\C2=C(OC=CO2)C=C1,758
887,c1sc(c2c1[C@H](C(=O)C)CCC2),759
888,c1sc(c2c1cc(C=O)cc2),760
889,C1S=C(/C(=N/N)/C1=S)C=C,761
890,c1sc(c2c1nc(CN)c(CN)n2)C=C,762
891,c1[nH]c(=O)c2c1c(=O)[nH]c2C=C,763
892,c1sc(c2c1C[C@H](C(=O)C)CC2),764
893,c1sc(c2c1[C@H](S)CC[C@H]2O),765
894,c1c(C(F)(F)F)sc(OC)c1,766
895,c1scc2c1nc(c(NC)n2)N(C),767
896,c1sc(c2c1nc(CCO)c(CN)n2)C=C,768
897,c1sc(N(=O)=O)cc1,769
898,c1sc(c2c1OSCS2)C=C,770
899,c1sc(c(c1OC)C#N)C=C,771
900,c1oc2c(c1)C(=O)c1c2sc(c1)C=C,772
901,c1sc2c(c1CC)sc(c2CC)C=C,773
902,c1c2cscc2c(nn1)C=C,775
903,c1sc(c2c1ncnc2C#N)C=C,776
904,N1CN[C@@H]2[C@H]1N(CN2),777
905,c1sc(c(c1O)S),778
906,C1=C/C(/C(=C1)F)=C\1/C=C(C=C1F),779
907,c1sc(c2c1cc(N(=O)=O)c(N(=O)=O)c2)C=C,780
908,c1sc(c(c1O)C#N),781
909,c1scc(N(=O)=O)c1NC=C,782
910,c1sc(c(c1OC)OC)C=C,783
911,c1sc(c2c1C[C@H](C(=O)C(F)(F)F)CC2)C=C,784
912,c1sc(c2c1[C@H](C(=O)C(F)(F)F)CCC2)C=C,785
913,c1sc(c2c1cc(C#N)c(OC)c2),786
914,c1oc(c(c1O)S)C=C,788
915,c1sc(c2c1SCCCS2)C=C,789
916,c1sc(c2c1cc(C(=O)O)c(O)c2)C=C,790
917,c1scc2c1C=C(C2)C=C,791
918,c(nc1c2)cs1nc2C=C,792
919,c1sc(c(c1O)OC)C=C,793
920,c1sc(c2c1cc(C)c(OC)c2),794
921,c1oc2c(c1)C(=O)c1c2sc(c1),795
922,Nc1cscc1N,796
923,c1sc(c2c1cc(C(F)(F)F)c(C#N)c2)C=C,797
924,c1sc(c2c1scc2)C=C,798
925,c1sc(c2c1sc(C(=O)CC)c2)C=C,799
926,c1sc(c2c1[C@H](F)CC[C@H]2F),800
927,c1sc(c2c1sc(C(=O)CC)c2),801
928,c1[nH]cnc1C=C,802
929,c1sc(c(c1OCC)OCC)C=C,803
930,c1sc(c2c1cc(C#N)cc2)C=C,804
931,c1sc(c2c1oc(=S)o2),805
932,c1sc(c2c1CCC[C@H]2N(=O)=O),806
933,C(=[N])/N=C(\C1=CSC=[S]1),807
934,c1sc(c2c1cc(C)cc2),808
935,C(=C)c1sc(C)c(c1),809
936,c1sc(c2c1[C@H](C)CC[C@H]2C=C)C=C,810
937,c1oc2CCc2c1,812
938,c1c2c(ccs1)nc1c2sc(c1)C=C,813
939,c1sc(c2c1SCCS2),814
940,c1sc(c2c1c(C)ccc2C),815
941,c1sccc1S,816
942,N1c2cscc2N(CC(=O)C1),817
943,c1sc(c2c1CC[C@@H](C)C2),818
944,c1oc(cc1)C=C,819
945,c1cc2c(s1)c1c(c(=O)n(c2=O)CC)cc(s1)C=C,820
946,c1ccc(c2c1nn(CC)n2)C=C,821
947,c1sc(c2c1cc(N(=O)=O)cc2)C=C,822
948,c1scc(N(O)O)c1N(O)OC=C,823
949,c1sc(c2c1[C@H](C)CC[C@H]2C=C),824
950,c1csc2c1cc(c1c2scc1),825
951,c1sc(C(=O)OC)cc1,826
952,n1c(C)c2c(c1=O)c(C)n(c2=O),827
953,C=C=C1CC2=C(C1)C(=CC2)C=C,828
954,c1sc(C(=O)O)c(c1),829
955,c1sc(c2c1oc(=S)o2)C=C,830
956,c1cc2c(s1)c1c([nH]2)cc(s1)C=C,831
957,c1sc(c(c1OCC)OCC)C=CC=C,832
958,C1SC[C@](C1)(C(=O)N)NC=C,833
959,c1sc(c2c1nc(OCC)c(CN)n2)C=C,834
960,c1c(OC)cc(c(c1)OCC)C=C,835
961,c1sc(c2c1cc(N(=O)=O)cc2),836
962,c1sc(CC)c2c1nc(s2),837
963,c1scc2c1[C@@H](CCC2)NC=C,838
964,c1sc(c2c1cc(C(=O)OC)cc2)C=C,839
965,c1sc(OC)c(C(=O)C)c1,841
966,N1[C@@H]2C[C@@H]3NSN[C@@H]3C[C@@H]2N(S1)C=C,842
967,c1c2c(nccc2)c(s1)C=C,843
968,c1oc(c(c1F)F)C=C,844
969,c1csc2c1c(C)c(C)c1c2scc1,845
970,c1sc(c2c1SC(=O)CC(=O)O2)C=C,846
971,c1sc(c2c1[nH]nc2)C=C,847
972,c1sc(c2c1CC[C@@H](C=O)C2),849
973,c(s1)cc(c(=S)2)c1c(s3)c2cc3,852
974,C1=[S]C(=C(O1)[N]C=O)C=C,853
975,c1sc(c2c1C(=O)OC2=O),854
976,c1oc2cc(oc2c1)C=C,855
977,c1sc(C(=O)O)c(c1)C=C,856
978,c1sc(c2c1[nH]c(C#N)c2),857
979,C1=CC(=[S]C1)c1ccc(s1)C1=[S]CC(=C1),858
980,c1scc2c1C=C(C2=O)C=C,859
981,c1sc(cc1)C#CC=C,860
982,c1sc(c2c1cc1C(=O)N(CC)C(=O)c1c2),861
983,c1sc(c2c1CCC2)C=C,862
984,c1scc2c1c(c(cc2)N)C=C,863
985,c1[nH]c2nc3[nH]c(nc3nc2n1)C=C,864
986,c1sc(c2c1[C@H](C(F)(F)F)CC[C@H]2OC),865
987,c1oc(cc1C(=O)C(F)(F)F),866
988,C1=[S]c2cscc2[S]=C1,867
989,c1csc2c1c(C)c(C)c1c2scc1C=C,868
990,c1sc(c2c1occ2)C=C,869
991,C1=C(Cc2cscc2C1),870
992,c1oc(cc1C(=O)OC),871
993,c1sc(c2c1C[C@H](C(F)(F)F)CC2),872
994,c1sc(c2c1cc[nH]2),873
995,c1sc2c(c1)n(C)c1c2sc(c1),874
996,c1oc(c(c1C#N)C(F)(F)F)C=C,875
997,c1oc(c(c1O)C(=O)O)C=C,876
998,c1sc(c(n1)C(=O)OC)C=C,878
999,Nc1sc(N(=O)=O)cc1,880
1000,c1c2c(=O)sc(=O)c2c(c2c1c(=O)oc2=O)C=C,881
1001,c1sc(c2c1CCC[C@H]2C=O),882
1002,c1sc(c(c1C=C)OC),883
1003,c1sc(c2c1C[C@H](C(=O)OC)CC2)C=C,884
1004,c1[nH]c(cc1)C(C(=O)N)=C,885
1005,c1sc(c(c1C#N)C#N)C=C,886
1006,c1oc(nc1),888
1007,c1oc(cc1O),889
1008,c1sc(c2c1cc(F)c(F)c2)C=C,890
1009,c(s1)c2C(NCC)OC(O)c2c1,891
1010,c1n(CC)nc(c1CC)CC,892
1011,c1sc(c2c1C(=O)c1ccc(CC)cc1C2=O),893
1012,c1oc(cc1C(=O)O)C=C,894
1013,c1sc(c2c1C[C@H](C(=O)C(F)(F)F)CC2),895
1014,c1scc2c1N(CCN2C(=O)O),896
1015,C1=C(c2c3c(cccc13)ccc2),897
1016,c1sc(c2c1OCCS2)C=C,898
1017,c1scc2c1c(c(cc2)N),899
1018,c1sc(c2c1c(F)c(F)c(F)c2F)C=C,900
1019,C1=C(C=C/C/1=C\1/C=CC(=C1)N)NC=C,901
1020,c1cccc2c1n(c1c2cccc1)C=C,902
1021,c1scc2c1c1c(s2)cc(s1)C=C,903
1022,c1sc(c2c1CC[C@@H](OC)C2),904
1023,c1sc(c2c1c(C(=O)O)ccc2O)C=C,905
1024,c1sc(c2c1cc(C)c(C)c2)C=C,906
1025,c1sc2c(c1)C(=O)c1c2sc(c1),907
1026,c1csc2c1c(CC)c1c(n2)scc1C=C,909
1027,c1oc(c(c1C(F)(F)F)OC),910
1028,c1sc(c2c1cc(C)cc2)C=C,911
1029,c1ccc2c(c1)C(=O)c1c2ccc(c1)C=C,912
1030,c1sc(c2c1cc(C(=O)O)c(O)c2),913
1031,c1oc2c(n1)cc1c(c2)oc(n1)C=C,914
1032,C1=C([CH]S1)C(=C),915
1033,c1c2n(CCC)c3c(c2ccc1)cccc3C=C,916
1034,C1C2CC(=C)O[C@H](C1C=CC2C)CCCC=C,917
1035,c1sc(c2c1cc(SCC)c(SCC)c2)C=C,918
1036,c1sc(cc1)S,919
1037,c1scc2c1c(ccc2O)C=C,920
1038,c1sc(c2c1C[C@H](C(F)(F)F)[C@@H](C(F)(F)F)C2)C=C,921
1039,c1sc(cc1)N,922
1040,C1=[S]C(=O)C2=C1C(=O)[S]=C2C=C,923
1041,c1sc(c2c1cc(C(F)(F)F)c(OC)c2),924
1042,c1sc(c2c1cc(C(F)(F)F)c(C#N)c2),925
1043,c1sc(c2c1CC[C@@H](C=O)C2)C=C,927
1044,c1sc(c2c1[C@H](OC)CC[C@H]2OC),929
1045,c1sc(c2c1c(C(=O)C(F)(F)F)ccc2),930
1046,c1sc(c2c1C[C@H](C(F)(F)F)[C@@H](C#N)C2),932
1047,c1c(OC)c(ccc1)C=C,933
1048,c1sc(c2c1C(=O)c1ccccc1C2=O)C=C,934
1049,c1c(OC)cc(c(c1)OCC)C=CC=C,935
1050,c1sc(c2c1cc(OC)c(OC)c2),937
1051,C1=C(Oc2c(csc2)O1),939
1052,c1sc2c(c3ccoc3cc2c1)C=C,940
1053,c1nc2c(c(=O)c3c2ncc3)c1,941
1054,c1sc(c2c1sc(C#N)c2)C=C,942
1055,N1c2cscc2N(C1),943
1056,c1n(CC)c(=O)c2c1c(=O)n(CC)c2C=C,944
1057,C1S=C(/C(=N/N)/C1=S),945
1058,c1scc(n1)C=C,946
1059,c1sc(c2c1[nH]c(=O)[nH]2)C=C,947
1060,c1sc(c2c1OCCCC2),948
1061,c1sc(c2c1OCO2)C=C,950
1062,c1sc(c2c1CC[C@@H](OC)C2)C=C,951
1063,c1sc(C=O)c(c1)C=C,952
1064,c1sc(c2c1CC[C@@H](C(=O)O)C2),953
1065,c1cscc1C(=O)OC=C,954
1066,c1c2c(=O)oc(=O)c2c(c2c1c(=O)oc2=O)C=C,956
1067,c1sc(c2c1sc(C(=O)OCC)c2)C=C,957
1068,c1scc2c1c(ccc2OC),958
1069,c1sc(c2c1[C@H](OC)CCC2),959
1070,c1c2cscc2c(N)c(c1)C=C,960
1071,c1sc(c2c1c(C)ccc2)C=C,961
1072,c1oc(c(c1N(=O)=O)N(=O)=O)C=C,962
1073,c1sc(c2c1cc(C#N)cc2),963
1074,c1sc(c2c1[nH]nc2),964
1075,C1SC[C@](C1)(C(=O)N)N,965
1076,c1sc(c2c1C[C@H](C(=O)O)[C@@H](O)C2),966
1077,N1CN[C@@H]2[C@H]1N(CN2)C=C,967
1078,c1sc(c2c1c(C(F)(F)F)ccc2)C=C,968
1079,c1sc(c2c1c(S)ccc2)C=C,969
1080,c1c(F)sc(F)c1C=C,970
1081,C1=C(c2cscc12)C=C,971
1082,c1ccc(c2c1nc(CC)c(CC)n2),973
1083,c1sc(c2c1[C@H](S)CCC2),974
1084,c1c(c2c(s1)c1c(n2CC)CCS1),975
1085,c1sc(c(c1)C(=O)C),976
1086,c1sc2c(c1)[nH]c(c2)C=C,977
1087,c1sc(c2c1c(C(F)(F)F)ccc2OC),978
1088,c1sc2c(c1)C(C)(C)c1c2sc(c1)C=C,979
1089,c1oc2c(n1)cc1c(c2)oc(n1),980
1090,c1sc(c2c1sc(=S)s2)C=C,981
1091,c1sc(c2c1c(C(=O)OC)ccc2)C=C,982
1092,c1nc2c(s1)[C@H]1[C@H](C2(CC)CC)N(CS1),983
1093,c1c2c(ncs2)c(c2c1ncs2)C=C,985
1094,c1c2c(=O)n(c(=O)c2cc2c1c(=O)sc2=O)C=C,986
1095,C1C(=O)O[C@@H]2[C@H]1CC[C@@H]1[C@H]2OC(=O)C1,988
1096,c1sc(cc1)c1ccc(s1)c1sc(cc1),989
1097,c1c(C(=O)c2cscc2C(=O)c2ccccc2)ccc(c1),991
1098,c1sc(c(c1O)C(F)(F)F),992
1099,c(s1)c(CCN)c(CCN)c1C=C,993
1100,C1=Cc2[nH]c(cc2C1)C=C,994
1101,c1cc(CN)ccc1CNC=C,995
1102,C1=C[C@@H]2[C@H](C1)[C@@H]1[C@@H](C=CC1)C2=CC=C,996
1103,c1oc2cc(oc2c1),997
1104,c1sc(c2c1[nH]c(C#N)c2)C=C,998
1105,c1sc(c2c1cc1C(=O)N(CC)C(=O)c1c2)C=C,999
1106,c1sc(c2c1CN2),1000
1107,c1sc(c2c1[C@H](N(=O)=O)CC[C@H]2N(=O)=O)C=C,1001
1108,c1scc2c1c(ccc2OC)C=C,1002
1109,c1sc(c2c1CN2)C=C,1003
1110,c1sc(c2c1cc(C(=O)OC)s2),1004
1111,c1[nH]cc2c1[nH]cc2,1005
1112,c1[nH]c(cc1)C#CC=C,1006
1113,c1sc(CC)c2c1c(c[nH]2),1007
1114,c1oc(c(c1OC)C#N),1008
1115,c1cCcc1,1009
1116,c1sc(c2c1c(C(=O)O)ccc2O),1010
1117,C(=C)C#CC=C,1011
1118,c1scc2c1c1c(s2)sc(c1),1012
1119,C1=CC2=CC(=NC2=C1)C=C,1013
1120,c1sc(c(c1C)C),1014
1121,C(=[N])/N=C(\C1=CSC=[S]1)C=C,1015
1122,c1c2c(=O)n(c(=O)c2cc2c1c(=O)oc2=O)C=C,1016
1123,N1C(=O)C=C(C1=O),1017
1124,c1oc(c(c1C(F)(F)F)OC)C=C,1018
1125,c1c(C)cc(CC)c(C)c1C=C,1019
1126,c1sc(c2c1CCCC2),1020
1127,C1C(=O)O[C@H]2[C@@H]1CC[C@H]1[C@@H]2OC(=O)C1,1021
1128,c1cc(c2c1[nH]cnc2),1022
1129,c1sc(c2c1sc(C(=O)CC)c2F)C=C,1023
1130,C1=C(C(=C[S@@]1O)O),1024
1131,c1sc(c2c1C[C@H](N)[C@@H](N(=O)=O)C2)C=C,1025
1132,c1sc(c2c1cc(C)s2),1026
1133,c1sc2c(n1)Cc1c2sc(c1)C=C,1027
1134,c1cc(N(=O)=O)c(cc1)C=C,1028
1135,c1sc(c2c1sc(N(=O)=O)c2),1029
1136,c1scc2c1C(=C[S@@]2[O])C=C,1030
1137,c1sc(c2c1C[C@H](N(=O)=O)[C@@H](N(=O)=O)C2)C=C,1031
1138,C1=C(Cc2c(C1)nsn2),1032
1139,C(=C)N=NC=C,1033
1140,c1sc(c2c1C[C@H](S)[C@@H](O)C2)C=C,1034
1141,C1=[S]C(=C(S1)C(=O)C),1035
1142,C1C(=O)Oc2c1cc1c(c2)C(C(=O)O1)C=C,1036
1143,c1sc(c2c1nc(OCC)c(OCC)n2)C=C,1037
1144,C#CC#CC=C,1038
1145,c1sc(c2c1[nH]cn2)C=C,1039
1146,c1sc(c2c1oc(=O)c(=O)o2),1040
1147,c1oc(c(c1O)C(=O)O),1041
1148,c1c(OC)c(ccc1),1042
1149,C1=C2C(C(=O)S1)=C(OC2=O)C=C,1043
1150,c1sc(c2c1c(C#N)ccc2C#N)C=C,1044
1151,c1sc(c2c1c(C(=O)C)ccc2),1045
1152,c1sc(c2c1cc(N(=O)=O)c(N)c2)C=C,1046
1153,C=Cc1csc(c1),1047
1154,c1[nH]c2[nH]c(nc2n1),1048
1155,c1c(OCCC)c(cc(c1)OCCC),1049
1156,c(s1)cc(c(CC)c(CC)2)c1c(s3)c2cc3C=C,1050
1157,c1sc(c2c1oc(=O)o2)C=C,1051
1158,c1sc(c2c1c(N(=O)=O)ccc2N)C=C,1052
1159,C1=Cc2cc3=CC(=Cc3cc2=C1),1053
1160,c(s1)cc(c(OC(CCC)CCC)2)c1c(OC(CCC)CCC)c(c3)c2sc3,1054
1161,c1c(c2c(s1)c(OC)c1c(c2OC)scc1),1056
1162,N1CN[C@@H]2N[C@H]3[C@@H](N[C@H]12)NCN3,1057
1163,c1sc(c2c1[C@H](C(F)(F)F)CC[C@H]2C#N),1058
1164,c1nnc(nn1)C=C,1059
1165,c1sc(c2c1C(=O)SC2=O),1060
1166,C1SC=C1C(=O)OCC=C,1061
1167,c1sc(c2c1cc(SCC)c(SCC)c2),1062
1168,c1sc(c2c1cc(C(=O)OC)cc2),1063
1169,c1sc(c2c1SC(=O)CC(=O)O2),1064
1170,c1cnc(c2c1nsn2)C=C,1065
1171,c1scc2c1c1c(s2)cc(s1),1066
1172,c1sc2c(c1CC)sc(c2CC),1067
1173,c1cc2c(cc1)C(C(=O)N2CC)C1C(=O)Nc2cc(ccc12)C=C,1068
1174,c1sc(c2c1SCC(=O)CS2),1069
1175,c1sc(c(c1F)F)C=C,1070
1176,c1sc(c(n1)C(=O)OC),1071
1177,c1sc(C(F)(F)F)cc1C=C,1072
1178,c1sc(c2c1oc(=O)c(=O)o2)C=C,1073
1179,c1sc(c2c1c(C#N)ccc2OC),1074
1180,c1c2C(=O)CC(=O)c2c(c2c1C(=O)CC2=O),1075
1181,C1=C2CSC[C@H]2C(=C1)C=C,1076
1182,c1sc(c2c1cc(C)s2)C=C,1078
1183,C=C=C1CC2=C(C1)C(=CC2),1079
1184,c1c(sc(OC)c1)N,1080
1185,c1sc(c2c1sc(C#N)c2),1081
1186,C1=[S]C(=S)C2=C1C=C(S2(=O)=O)C=C,1083
1187,c1c2c(C=C)c3c(cc2ccc1)c(ccc3),1084
1188,c1sc(c2c1[C@H](N)CC[C@H]2OC),1085
1189,c1sc(c2c1C[C@H](C(F)(F)F)[C@@H](C#N)C2)C=C,1086
1190,c1c(oc2cscc2s1),1087
1191,c1ccc(OCC)c2c1c(OCC)ccc2C=C,1088
1192,c1sc2nc(sc2c1)C=C,1090
1193,c1sc(cc1)C=CC=C,1091
1194,c1cc(cc2c1n(c1c2cccc1)C(CC)CC)C=C,1092
1195,c1sc(c(c1CC)CC)C=C,1093
1196,NCc1cc(OCC)c(cc1OCC)CN,1094
1197,c1scc(C#N)c1NC=C,1095
1198,c1sc(c2c1C(=O)CCC2=O)C=C,1096
1199,c1sc(c2c1c(N(=O)=O)ccc2)C=C,1097
1200,c1sc(c2c1SCCS2)C=C,1098
1201,c1sc(c2c1c(C=O)ccc2),1099
1202,c1sc(c(c1CC)OCCS(O)(O)O)C=C,1100
1203,c1sc(c2c1OCCCS2),1101
1204,c1cc2c(s1)c1c(c(=O)[nH]c2=O)cc(s1),1102
1205,c1sc(cc1)NC=C,1103
1206,N1[C@@H]2CSC(=S)[C@H]2N(CC1),1104
1207,c1nc2c(s1)c1c(c(c2CC)CC)N(CS1),1105
1208,c1sc2c(c1F)c(OCC)c1c(c2OCC)c(F)c(s1)C=C,1106
1209,N1[C@@H]2CSC(=S)[C@H]2N(CC1)C=C,1107
